site_id,site_name,description,date,pH,nitrates_mg_per_L,phosphates_mg_per_L,dissolved_oxygen_mg_per_L,turbidity,invertebrates_observed,notes
A,Upstream woodland,100m above any farmland or settlement,2025-03-10,7.2,2.1,0.04,10.2,clear,"Mayfly larvae, stonefly larvae, caddisfly cases, water shrimp","Healthy upstream reference site. Watercress growing. Kingfisher observed."
B,Town edge bridge,50m downstream from residential area,2025-03-10,6.8,18.7,0.41,8.1,slight brown tint,"Water snails, chironomid midges","Some algae on stones. Fewer invertebrate species than Site A. Evidence of surface run-off from road."
C,Farm outflow downstream,200m below intensive arable farmland,2025-03-10,6.5,24.3,0.68,5.8,murky,None recorded,"Visible green algae bloom. Strong smell. No invertebrates found in 3 kick samples. Bank erosion visible."
A,Upstream woodland,100m above any farmland or settlement,2025-06-12,7.4,1.8,0.03,10.8,clear,"Mayfly adults emerging, stonefly larvae, caddisfly larvae, water shrimp, freshwater shrimp","Site looking excellent in summer. Water temperature 14°C. Otter footprints on bank."
B,Town edge bridge,50m downstream from residential area,2025-06-12,6.7,21.4,0.52,7.4,light brown,"Water snails only","Algae increasing. Only one invertebrate species found. Smell noticeable on warm day."
C,Farm outflow downstream,200m below intensive arable farmland,2025-06-12,6.3,29.8,0.84,4.2,green-brown,None recorded,"Heavy algae bloom covering >60% of surface. Dead water snail shells visible. Water temperature 19°C."
A,Upstream woodland,100m above any farmland or settlement,2025-09-08,7.1,2.4,0.05,9.9,clear,"Mayfly larvae, stonefly larvae, caddisfly, water shrimp, freshwater crayfish (invasive)","Reference site stable. Invasive signal crayfish first recorded — flagged to EA."
B,Town edge bridge,50m downstream from residential area,2025-09-08,6.6,19.2,0.44,7.9,slight brown,"Water snails, leech sp.","Slight improvement vs June possibly due to lower rainfall. Still well above healthy nitrate levels."
C,Farm outflow downstream,200m below intensive arable farmland,2025-09-08,6.4,27.1,0.71,5.1,murky,None recorded,"Algae dying back slightly as temperatures drop but nutrient levels still very high. Ongoing concern."
